strategy,repeat_id,seed,partition,rows,target_fraction,row_fraction,row_fraction_deviation,negative_count,positive_count,positive_prevalence,prevalence_deviation,hosts,single_koi_hosts,multi_koi_hosts,multi_koi_rows,mixed_label_hosts,koi_period_count,koi_period_missing,koi_period_minimum,koi_period_p10,koi_period_median,koi_period_p90,koi_period_maximum,koi_period_standardized_median_difference,koi_period_ks_statistic,koi_duration_count,koi_duration_missing,koi_duration_minimum,koi_duration_p10,koi_duration_median,koi_duration_p90,koi_duration_maximum,koi_duration_standardized_median_difference,koi_duration_ks_statistic,koi_model_snr_count,koi_model_snr_missing,koi_model_snr_minimum,koi_model_snr_p10,koi_model_snr_median,koi_model_snr_p90,koi_model_snr_maximum,koi_model_snr_standardized_median_difference,koi_model_snr_ks_statistic
host_group_stratified,0,1729,train,4648,0.7,0.70031640801567,0.000316408015669789,2775,1873,0.402969018932874,7.61456467511246e-05,4057,3663,394,985,29,4648,0,0.299697755,0.9337490562,6.883031081,70.3899859649,809.0141881,-0.00193901560468385,0.00935939889478921,4648,0,0.1046,1.7157,3.7855,9.77529,138.54,-0.00163608002573432,0.0110055906269993,4610,38,0,11.6,35.3,987.510000000001,9054.7,0.000437665740459637,0.00700826746975087
host_group_stratified,0,1729,validation,995,0.15,0.149917131233991,-8.28687660087424e-05,594,401,0.403015075376884,0.000122202090761192,873,788,85,207,4,995,0,0.306937807,0.933706998,7.97033985,99.942089844,568.08251,0.0111931723019481,0.0361504675706391,995,0,0.4053,1.74246,3.848,10.89924,88.1118,0.00765982921139238,0.0298518356434879,986,9,3.1,11.5,34.65,1106.8,6979.7,-0.000273541087787266,0.0188626797652705
host_group_stratified,0,1729,test,994,0.15,0.149766460750339,-0.000233539249660991,594,400,0.402414486921529,-0.000478386364594019,874,791,83,203,3,994,0,0.373684977,0.8983960231,7.1487780165,85.34755915,1064.2680956,0.00127059586180621,0.0152013482128268,994,0,0.3969,1.59104,3.79045,10.4515,50.68,-0.000899844014153881,0.0352650784926525,986,8,2.3,10.6,33.85,965,8326.3,-0.00114887256870656,0.0321643698500366
host_group_stratified,1,2718,train,4648,0.7,0.70031640801567,0.000316408015669789,2775,1873,0.402969018932874,7.61456467511246e-05,4064,3673,391,975,27,4648,0,0.306937807,0.9337471974,7.136322125,76.6494979,1064.2680956,0.00112015735492922,0.00628679724602363,4648,0,0.1046,1.70854,3.8026,10.2872,138.54,0.000907280741543565,0.00440173055812652,4606,42,0,11.4,35.35,980.25,9054.7,0.000492373958017089,0.00447251962714138
host_group_stratified,1,2718,validation,996,0.15,0.150067801717644,6.78017176435064e-05,595,401,0.402610441767068,-0.000282431519054938,872,786,86,210,5,996,0,0.373684977,0.927984,6.99002987,85.2145492,809.0141881,-0.000646716450118613,0.0182565428203699,996,0,0.4931,1.6845,3.82512,9.7475,77.983,0.00425678275786507,0.0165103687312154,989,7,2.5,11.58,31.2,1021.48,8755.2,-0.00404840809925166,0.0417101025286047
host_group_stratified,1,2718,test,993,0.15,0.149615790266687,-0.00038420973331324,593,400,0.40281973816717,-7.31351189530161e-05,868,783,85,210,4,993,0,0.299697755,0.933738972,6.50327035,65.2539254536001,527.68601,-0.00652565136192008,0.0340436392095884,993,0,0.3969,1.641694,3.721,9.46456000000001,117.52,-0.011229458358449,0.0273942609567257,987,6,1.8,12,36.9,1057.92,7056.8,0.00218832870229819,0.0287313008952296
host_group_stratified,2,3141,train,4649,0.7,0.700467078499322,0.000467078499322038,2775,1874,0.403097440309744,0.000204567023620816,4065,3671,394,978,26,4649,0,0.299697755,0.92949689,6.99510404,73.79002723,809.0141881,-0.000585432152769046,0.0074390512938524,4649,0,0.1046,1.69132,3.754,9.89912,138.54,-0.00632121828124615,0.011338075429423,4609,40,1.4,11.5,35.4,988.299999999999,9054.7,0.000547082175574548,0.00550605183113456
host_group_stratified,2,3141,validation,994,0.15,0.149766460750339,-0.000233539249660991,594,400,0.402414486921529,-0.000478386364594019,872,787,85,207,4,994,0,0.339069751,0.9056768369,6.864395581,92.58992996,1064.2680956,-0.00216408956224893,0.0268392030653107,994,0,0.3969,1.64225,3.87615,10.3921,63.196,0.0118467067317943,0.0374986092538355,984,10,1.7,11.43,32.65,1052.04,7056.8,-0.00246186979008546,0.0262171035566326
host_group_stratified,2,3141,test,994,0.15,0.149766460750339,-0.000233539249660991,594,400,0.402414486921529,-0.000478386364594019,867,784,83,210,6,994,0,0.328686504,1.0702605886,7.378139828,76.805886639,655.25732,0.00404075875674328,0.0370141596907041,994,0,0.2961,1.78571,3.90965,10.55966,90.95,0.0168293140828942,0.0263433850049218,989,5,0,11.5,34.7,1034,7878,-0.000218832870229815,0.0167838321198943
host_group_stratified,3,4099,train,4648,0.7,0.70031640801567,0.000316408015669789,2775,1873,0.402969018932874,7.61456467511246e-05,4060,3667,393,981,27,4648,0,0.306937807,0.9184838897,7.0471019095,77.933660965,1064.2680956,4.25824576957823e-05,0.00709924439141443,4648,0,0.1046,1.675326,3.765275,10.2158,138.54,-0.00464423625486851,0.00679809792129192,4607,41,0,11.56,35.3,959.060000000001,8755.2,0.000437665740459637,0.00746162831889459
host_group_stratified,3,4099,validation,994,0.15,0.149766460750339,-0.000233539249660991,594,400,0.402414486921529,-0.000478386364594019,870,784,86,210,5,994,0,0.299697755,0.93374117,6.9891697545,85.10887548,646.28789332,-0.000657104666133642,0.0217135266018288,994,0,0.3969,1.75134,3.84235,8.967908,86.05,0.00681947901635611,0.0206468583991519,986,8,2.3,11.35,32.7,1241.25,8022.8,-0.00240716157252801,0.0255334019943752
host_group_stratified,3,4099,test,995,0.15,0.149917131233991,-8.28687660087424e-05,594,401,0.403015075376884,0.000122202090761192,874,791,83,204,4,995,0,0.328686504,0.9962272772,7.09520543,62.4606169912,670.645531,0.000623562293586832,0.0280940638100855,995,0,0.4279,1.7066,3.828,10.51794,77.983,0.00468513825551184,0.0159321543683462,989,6,2.4,11.6,35,1053.66,9054.7,0.000109416435114911,0.0310635157501277
host_group_stratified,4,5279,train,4646,0.7,0.700015067048365,1.50670483652915e-05,2774,1872,0.402927249246664,3.43759605405669e-05,4061,3668,393,978,26,4646,0,0.299697755,0.9348586445,7.1818798655,79.95818259,1064.2680956,0.00167039002655369,0.0124483136353674,4646,0,0.1046,1.7035,3.8525,10.3144,138.54,0.00832913467646553,0.0156389865162565,4607,39,0,11.4,35.3,1066.22,9054.7,0.000437665740459637,0.00626841943254544
host_group_stratified,4,5279,validation,996,0.15,0.150067801717644,6.78017176435064e-05,595,401,0.402610441767068,-0.000282431519054938,870,784,86,212,5,996,0,0.306937807,0.824180728,6.375601265,72.64166344,595.78152,-0.0080676001274301,0.0284697627333199,996,0,0.3028,1.6671,3.689,10.27595,90.01,-0.0159889638878579,0.0249362675956198,988,8,1.4,11.67,35.55,970.910000000002,8616.1,0.000711206828246911,0.020928750598184
host_group_stratified,4,5279,test,995,0.15,0.149917131233991,-8.28687660087424e-05,594,401,0.403015075376884,0.000122202090761192,873,790,83,205,5,995,0,0.341842017,0.933738858,6.33855946,66.396195,670.645531,-0.00851497989436438,0.0324036939254052,995,0,0.5421,1.692008,3.6373,8.49976,53.412,-0.0236785400088091,0.0543064879921682,987,8,1.8,11.6,32,779,6104.8,-0.00317307661833238,0.0255740303064728
host_group_stratified,5,6553,train,4646,0.7,0.700015067048365,1.50670483652915e-05,2773,1873,0.40314248816186,0.000249614875736437,4063,3671,392,975,25,4646,0,0.299697755,0.93373651,6.9419052,76.23565865,809.0141881,-0.00122795172330224,0.00521243338279364,4646,0,0.1046,1.6779,3.77658,10.422,138.54,-0.00296279219205701,0.00767851938976054,4609,37,1.4,11.4,34.8,1008.34,8616.1,-0.000109416435114911,0.00691969835087429
host_group_stratified,5,6553,validation,995,0.15,0.149917131233991,-8.28687660087424e-05,595,400,0.402010050251256,-0.00088282303486692,874,791,83,204,4,995,0,0.366197145,0.933746142,6.61836309,76.6850512,677.56282,-0.00513559590438966,0.0257734355065973,995,0,0.2961,1.76836,3.686,9.112,117.52,-0.01643516753124,0.0272138150447885,985,10,0,11.3,33.1,946.64,8755.2,-0.00196949583206837,0.0230925135001319
host_group_stratified,5,6553,test,996,0.15,0.150067801717644,6.78017176435064e-05,595,401,0.402610441767068,-0.000282431519054938,867,780,87,216,7,996,0,0.339069751,0.968846989,7.95551268,81.26250585,1064.2680956,0.0110140942073764,0.0363811733297511,996,0,0.4279,1.7331,4.05005,10.01465,63.196,0.0377116445931757,0.0425191802315485,988,8,4.8,12.2,37.15,1105.77,9054.7,0.00246186979008547,0.0381047809201146
host_group_stratified,6,7919,train,4648,0.7,0.70031640801567,0.000316408015669789,2775,1873,0.402969018932874,7.61456467511246e-05,4071,3681,390,967,22,4648,0,0.306937807,0.933737174,6.97247013,77.17375948,677.56282,-0.00085879770233154,0.00639231196725601,4648,0,0.1046,1.6827,3.75655,10.06962,138.54,-0.00594194518437141,0.00762383570745238,4612,36,0,11.6,35.85,997.700000000001,9054.7,0.00103945613359164,0.0123709883956429
host_group_stratified,6,7919,validation,995,0.15,0.149917131233991,-8.28687660087424e-05,594,401,0.403015075376884,0.000122202090761192,873,791,82,204,5,995,0,0.366197145,0.904420316,7.68478504,73.738906509,670.645531,0.0077443272917019,0.0239254128106254,995,0,0.4495,1.71132,3.9097,10.1776,117.52,0.0168367508102839,0.0376414239344985,987,8,0.8,11.4,32.9,962.18,8022.8,-0.00218832870229819,0.0358853795790121
host_group_stratified,6,7919,test,994,0.15,0.149766460750339,-0.000233539249660991,594,400,0.402414486921529,-0.000478386364594019,860,770,90,224,9,994,0,0.299697755,0.9911728468,7.00469296,79.8688723700001,1064.2680956,-0.00046962006437996,0.022783074823811,994,0,0.4279,1.73799,3.798,10.29752,79.8969,0.000223101821691049,0.018429849853983,983,11,1.5,11,32.5,1064.54,8326.3,-0.00262599444275783,0.031234573282107
host_group_stratified,7,9341,train,4648,0.7,0.70031640801567,0.000316408015669789,2775,1873,0.402969018932874,7.61456467511246e-05,4070,3677,393,971,24,4648,0,0.299697755,0.9337358107,6.8736596425,76.7017244700001,809.0141881,-0.00205220101700296,0.00782530237180237,4648,0,0.1046,1.69103,3.814,9.83437,138.54,0.00260285458639549,0.00659899763932287,4604,44,0.8,11.5,34.55,970.42,8616.1,-0.000382957522902185,0.00630184049857165
host_group_stratified,7,9341,validation,993,0.15,0.149615790266687,-0.00038420973331324,593,400,0.40281973816717,-7.31351189530161e-05,871,789,82,204,4,993,0,0.306937807,0.9458262474,7.24476126,78.3591770200001,1064.2680956,0.00242985257477218,0.0199120223969474,993,0,0.2961,1.7407,3.733,11.98216,117.52,-0.00944464378492071,0.0276696556473892,987,6,0,11.4,35.4,967.96,9054.7,0.000547082175574548,0.0222348137455102
host_group_stratified,7,9341,test,996,0.15,0.150067801717644,6.78017176435064e-05,595,401,0.402610441767068,-0.000282431519054938,863,776,87,220,8,996,0,0.339069751,0.920261962,7.686778965,76.592806865,601.13797,0.0077684093174505,0.02710011357771,996,0,0.4199,1.64685,3.818765,9.94845,79.8969,0.00331157470663401,0.0147699431143286,991,5,1.5,11.5,35.6,1144.3,8755.2,0.000765915045804371,0.0185846118561432
host_group_stratified,8,104729,train,4648,0.7,0.70031640801567,0.000316408015669789,2773,1875,0.403399311531842,0.000506438245718444,4062,3668,394,980,27,4648,0,0.299697755,0.9362040958,7.054976615,79.2240590400002,1064.2680956,0.000137690779530154,0.00703152695588311,4648,0,0.1046,1.70084,3.768415,10.2389,117.52,-0.00417720977479524,0.00535022848232293,4614,34,1.4,11.5,34.5,1021.93,9054.7,-0.000437665740459637,0.00739633922993671
host_group_stratified,8,104729,validation,996,0.15,0.150067801717644,6.78017176435064e-05,597,399,0.400602409638554,-0.00229046364756902,872,787,85,209,4,996,0,0.436282594,0.933764345,6.741291985,84.6659282,659.2907,-0.00365089772635572,0.0166103618935589,996,0,0.2961,1.6781,3.854,10.06625,138.54,0.00855223649815658,0.0257560299961334,987,9,0,11.72,35.3,943.98,8248.4,0.000437665740459637,0.0205594330674336
host_group_stratified,8,104729,test,993,0.15,0.149615790266687,-0.00038420973331324,593,400,0.40281973816717,-7.31351189530161e-05,870,787,83,206,5,993,0,0.366197145,0.8658765224,7.04715073,61.933131714,677.56282,4.31720969941807e-05,0.0333479451838627,993,0,0.3969,1.702648,3.81881,9.61520000000001,84.32,0.00331826776128475,0.019927043925529,981,12,0.8,11.4,36.7,936.1,7428.7,0.00196949583206838,0.0278681456330257
host_group_stratified,9,130363,train,4648,0.7,0.70031640801567,0.000316408015669789,2775,1873,0.402969018932874,7.61456467511246e-05,4068,3677,391,971,23,4648,0,0.299697755,0.9271996732,6.8734108525,76.6494979,1064.2680956,-0.00205520582770848,0.0103085451429256,4648,0,0.2961,1.67676,3.73775,9.7592,138.54,-0.00873815468289908,0.0105701114365121,4604,44,0,11.4,35.3,978.939999999998,8616.1,0.000437665740459637,0.00595316822516507
host_group_stratified,9,130363,validation,994,0.15,0.149766460750339,-0.000233539249660991,594,400,0.402414486921529,-0.000478386364594019,864,778,86,216,8,994,0,0.341842017,0.9774332668,7.66368443,73.0828253640001,677.56282,0.00748948047783926,0.0259591297976195,994,0,0.4053,1.76658,3.9054,9.807,90.95,0.0161971922547696,0.0299124868239117,986,8,3.3,11.7,35.6,1126.25,9054.7,0.000765915045804371,0.0223515112517204
host_group_stratified,9,130363,test,995,0.15,0.149917131233991,-8.28687660087424e-05,594,401,0.403015075376884,0.000122202090761192,872,787,85,208,5,995,0,0.436282594,0.9337475374,7.41084314,85.3291761,670.645531,0.00443573951161035,0.0324766820390941,995,0,0.1046,1.7082,3.926,11.42924,90.01,0.0192611239393265,0.0318880828733088,992,3,0.8,11.6,32.65,977.08,8755.2,-0.00246186979008547,0.0312261078601464
object_stratified,0,1729,train,4648,0.7,0.70031640801567,0.000316408015669789,2772,1876,0.403614457831325,0.000721584545202103,4192,3660,532,988,34,4648,0,0.328686504,0.933768948,7.047133981,74.9449684557,1064.2680956,4.29698076155584e-05,0.00565445449116036,4648,0,0.1046,1.689,3.7882,10.0659,138.54,-0.00123449674669045,0.00380157708688345,4608,40,0,11.6,35.3,970.550000000002,8755.2,0.000437665740459637,0.00669221772764104
object_stratified,0,1729,validation,996,0.15,0.150067801717644,6.78017176435064e-05,597,399,0.400602409638554,-0.00229046364756902,970,794,176,202,17,996,0,0.364860478,0.8905352295,7.2297413265,88.45949429,809.0141881,0.00224844634069156,0.0172056313244541,996,0,0.627,1.708,3.6675,10.375,86.05,-0.0191867566654295,0.0241054620773285,988,8,1.5,11.2,33.7,942.830000000003,9054.7,-0.00131299722137891,0.0245523000404735
object_stratified,0,1729,test,993,0.15,0.149615790266687,-0.00038420973331324,594,399,0.401812688821752,-0.00108018446437097,974,788,186,205,12,993,0,0.299697755,0.9234667192,6.80257947,73.73704608,552.8295063,-0.00291068593712762,0.0239066868713813,993,0,0.3969,1.70024,3.952,10.4906,48.69,0.0231282221819712,0.0300768935357507,986,7,4.8,11.2,34.15,1170.4,8168.6,-0.000820623263361814,0.0158305613132626
object_stratified,1,2718,train,4648,0.7,0.70031640801567,0.000316408015669789,2772,1876,0.403614457831325,0.000721584545202103,4195,3673,522,975,29,4648,0,0.299697755,0.9337469279,6.981186855,73.7525598,1064.2680956,-0.000753519722521153,0.00639334928555998,4648,0,0.2961,1.66907,3.77658,10.06962,138.54,-0.00296279219205701,0.0078201806126765,4609,39,0,11.6,34.9,1021.48,9054.7,0,0.00552233587872116
object_stratified,1,2718,validation,996,0.15,0.150067801717644,6.78017176435064e-05,597,399,0.400602409638554,-0.00229046364756902,968,791,177,205,11,996,0,0.366197145,0.93374165,7.529975131,88.76925681,655.25732,0.00587457982643834,0.029831545558458,996,0,0.4279,1.7477,3.9172,10.66505,66.892,0.0179522599187391,0.0306631074546793,990,6,1.4,11.2,36.85,812.75,8577.4,0.00213362048474073,0.020448790549064
object_stratified,1,2718,test,993,0.15,0.149615790266687,-0.00038420973331324,594,399,0.401812688821752,-0.00108018446437097,968,778,190,215,17,993,0,0.379412331,0.9332675616,6.87366398,83.1846007994001,614.39054,-0.00205214862998405,0.021803824602563,993,0,0.1046,1.75548,3.7535,9.646408,88.1118,-0.00639558555514319,0.016852030812038,983,10,1.7,11.52,33.7,1167.98000000001,8168.6,-0.00131299722137891,0.0285333810605267
object_stratified,2,3141,train,4648,0.7,0.70031640801567,0.000316408015669789,2772,1876,0.403614457831325,0.000721584545202103,4192,3676,516,972,33,4648,0,0.299697755,0.9362610133,6.9943400975,71.9107626541002,809.0141881,-0.000594658820249239,0.00722774219631923,4648,0,0.1046,1.68146,3.74,9.8779,117.52,-0.0084035019503625,0.0118560295552731,4611,37,0,11.4,34.1,1002.8,8755.2,-0.000875331480919274,0.0095374562078277
object_stratified,2,3141,validation,996,0.15,0.150067801717644,6.78017176435064e-05,597,399,0.400602409638554,-0.00229046364756902,964,783,181,213,11,996,0,0.366197145,0.8449418545,6.4412522215,87.19156808,1064.2680956,-0.00727468764333321,0.0212900721463525,996,0,0.4931,1.68929,3.818265,10.52255,73.8068,0.00323720743273704,0.0156591410088145,987,9,1.7,11.5,34.5,1005.52,8248.4,-0.000437665740459637,0.02075292383483
object_stratified,2,3141,test,993,0.15,0.149615790266687,-0.00038420973331324,594,399,0.401812688821752,-0.00108018446437097,967,783,184,210,16,993,0,0.328686504,0.933713495,7.73590441,82.2706531994,595.78152,0.0083617316497354,0.0289513410204109,993,0,0.4053,1.74436,4.014,10.62868,138.54,0.032349764145201,0.0437272145033314,984,9,2.6,11.73,38.1,987.200000000001,9054.7,0.00350132592367711,0.0408542143762367
object_stratified,3,4099,train,4648,0.7,0.70031640801567,0.000316408015669789,2772,1876,0.403614457831325,0.000721584545202103,4179,3656,523,992,34,4648,0,0.306937807,0.93375787,7.05895113,76.79983572,1064.2680956,0.000185693774912722,0.0058459045506376,4648,0,0.1046,1.686596,3.7979,10.146,117.52,0.000208228366911681,0.00656888299231062,4618,30,0,11.5,35.1,955.550000000001,8755.2,0.000218832870229822,0.0046065104786615
object_stratified,3,4099,validation,996,0.15,0.150067801717644,6.78017176435064e-05,597,399,0.400602409638554,-0.00229046364756902,970,792,178,204,15,996,0,0.328686504,0.93373651,7.0043659615,80.0761393,670.645531,-0.000473569453798699,0.0113447612962018,996,0,0.4199,1.67855,3.82105,10.2125,90.95,0.00365143314834338,0.0200838006236185,983,13,1.7,11.9,34.7,1123.36,9054.7,-0.000218832870229815,0.0143914180076802
object_stratified,3,4099,test,993,0.15,0.149615790266687,-0.00038420973331324,594,399,0.401812688821752,-0.00108018446437097,969,794,175,199,7,993,0,0.299697755,0.8877619784,6.90522317,74.4404305840002,614.39054,-0.00167098623612028,0.0213812492783218,993,0,0.3969,1.7247,3.76585,9.74872,138.54,-0.00455871388988694,0.0177980836474578,981,12,2.5,11.2,34.4,1159.9,6579.3,-0.000547082175574548,0.0162053492194912
object_stratified,4,5279,train,4648,0.7,0.70031640801567,0.000316408015669789,2772,1876,0.403614457831325,0.000721584545202103,4198,3671,527,977,33,4648,0,0.299697755,0.9337453096,7.207424665,82.18267507,1064.2680956,0.00197891242298368,0.00949010100108996,4648,0,0.2961,1.72339,3.82855,10.0506,138.54,0.00476694225679856,0.00891432450999028,4611,37,0,11.6,35.6,971.1,8326.3,0.000765915045804371,0.00640367540898889
object_stratified,4,5279,validation,996,0.15,0.150067801717644,6.78017176435064e-05,597,399,0.400602409638554,-0.00229046364756902,970,789,181,207,14,996,0,0.364860478,0.9337264355,6.60295769,72.4998567815,670.645531,-0.0053216576867874,0.0197615836254465,996,0,0.1046,1.6247,3.78835,10.557,90.01,-0.00121218656452127,0.0282160735756042,987,9,1.4,11.1,32,880.12,9054.7,-0.00317307661833238,0.0403947765805056
object_stratified,4,5279,test,993,0.15,0.149615790266687,-0.00038420973331324,594,399,0.401812688821752,-0.00108018446437097,968,782,186,211,19,993,0,0.366197145,0.933750102,6.46004728,62.7635690600003,646.28789332,-0.00704768658625065,0.0376353018667208,993,0,0.4199,1.6704,3.629,9.966,117.52,-0.0249130367554996,0.0294277814218893,984,9,1.5,11.9,35.4,1344.96,8577.4,0.000547082175574548,0.0264570410061439
object_stratified,5,6553,train,4648,0.7,0.70031640801567,0.000316408015669789,2772,1876,0.403614457831325,0.000721584545202103,4191,3663,528,985,34,4648,0,0.341842017,0.9185051747,7.09959234,73.940690405,1064.2680956,0.000676546071600934,0.00604840853329156,4648,0,0.1046,1.66907,3.82393,10.0506,117.52,0.00407978864599014,0.0058779965856668,4607,41,1.4,11.6,35.3,1043.3,9054.7,0.000437665740459637,0.00711601920030139
object_stratified,5,6553,validation,996,0.15,0.150067801717644,6.78017176435064e-05,597,399,0.400602409638554,-0.00229046364756902,971,784,187,212,20,996,0,0.299697755,1.019619323,7.1960742255,84.9801522,623.005238,0.00184182523249415,0.0259439142739407,996,0,0.2961,1.75025,3.67785,10.154,77.983,-0.0176473540957613,0.026856559884256,989,7,0,11,33.9,943.88,7795.3,-0.0010941643511491,0.0302880454369072
object_stratified,5,6553,test,993,0.15,0.149615790266687,-0.00038420973331324,594,399,0.401812688821752,-0.00108018446437097,968,795,173,198,8,993,0,0.339069751,0.9337444956,6.49441464,83.2517752000001,670.645531,-0.00663260796070996,0.0213844356631724,993,0,0.4199,1.74436,3.7917,10.5266,138.54,-0.000713925829411318,0.0205360986298393,986,7,1.5,11.4,35.1,901.4,7846.3,0.000218832870229822,0.0121238512064682
object_stratified,6,7919,train,4648,0.7,0.70031640801567,0.000316408015669789,2772,1876,0.403614457831325,0.000721584545202103,4202,3682,520,966,34,4648,0,0.339069751,0.929427327,7.0503389375,76.478296621,1064.2680956,8.16783071609947e-05,0.0075106059313342,4648,0,0.2961,1.69921,3.79635,9.9836,117.52,-2.23101821691181e-05,0.00565024038555047,4614,34,0,11.7,34.7,997.77,8755.2,-0.000218832870229815,0.00519187965444632
object_stratified,6,7919,validation,996,0.15,0.150067801717644,6.78017176435064e-05,597,399,0.400602409638554,-0.00229046364756902,970,789,181,207,12,996,0,0.299697755,0.933751656,8.0077768025,82.9355313,601.13797,0.0116453245414024,0.0468719839430042,996,0,0.4279,1.684715,3.8683,10.7144,77.983,0.0106791405316112,0.0187601392461514,986,10,1.7,11.6,36.75,1222.85,8248.4,0.00202420404962583,0.028616369063578
object_stratified,6,7919,test,993,0.15,0.149615790266687,-0.00038420973331324,594,399,0.401812688821752,-0.00108018446437097,965,771,194,222,12,993,0,0.341842017,0.9676477862,6.24564633,81.26500206,494.165759,-0.00963715670093562,0.0290828931949593,993,0,0.1046,1.69372,3.721,10.71984,138.54,-0.011229458358449,0.0236416099983294,982,11,1.8,10.51,32.65,864.21,9054.7,-0.00246186979008547,0.0275889746831605
object_stratified,7,9341,train,4648,0.7,0.70031640801567,0.000316408015669789,2772,1876,0.403614457831325,0.000721584545202103,4173,3645,528,1003,34,4648,0,0.299697755,0.9337467026,7.0334906995,77.102007,809.0141881,-0.000121809638140092,0.00544624525783454,4648,0,0.1046,1.6851,3.7942,10.146,138.54,-0.000342089459926258,0.00583507754083987,4609,39,0,11.5,35.7,1019.3,9054.7,0.000875331480919282,0.00884962169915928
object_stratified,7,9341,validation,996,0.15,0.150067801717644,6.78017176435064e-05,597,399,0.400602409638554,-0.00229046364756902,968,803,165,193,14,996,0,0.328686504,0.9215305455,7.329807508,76.6732001,552.8295063,0.00345701554938627,0.0218579606961823,996,0,0.4931,1.6753,3.7408,10.40895,41.04,-0.00828451431212729,0.0169245612856731,987,9,3.5,11.26,31.2,823.26,7878,-0.00404840809925166,0.0404086303347344
object_stratified,7,9341,test,993,0.15,0.149615790266687,-0.00038420973331324,594,399,0.401812688821752,-0.00108018446437097,971,794,177,199,16,993,0,0.339069751,0.9339876446,6.49066214,78.3591770200001,1064.2680956,-0.00667792952577463,0.0302563932156708,993,0,0.4279,1.75484,3.854,9.665,79.8969,0.00855223649815658,0.0161922974153412,986,7,1.8,11.8,35.65,1155.55,8616.1,0.00082062326336183,0.0200778076295114
object_stratified,8,104729,train,4648,0.7,0.70031640801567,0.000316408015669789,2772,1876,0.403614457831325,0.000721584545202103,4180,3650,530,998,34,4648,0,0.299697755,0.933711381,7.19616804,76.6043274910001,809.0141881,0.00184295829577616,0.00832681335557689,4648,0,0.1046,1.683,3.822885,10.13223,117.52,0.00392436104354539,0.00478547349820298,4610,38,0,11.5,35.55,1019.16,8577.4,0.000711206828246911,0.00627472150102396
object_stratified,8,104729,validation,996,0.15,0.150067801717644,6.78017176435064e-05,597,399,0.400602409638554,-0.00229046364756902,973,796,177,200,13,996,0,0.423854275,0.9337363795,6.06009118,79.12817485,646.28789332,-0.0118782359291335,0.0359485251538019,996,0,0.4199,1.6425,3.71435,10.12575,86.05,-0.0122185431012793,0.0222405366531668,986,10,2.4,11.6,33.25,941.05,9054.7,-0.00180537117939601,0.0190950425371796
object_stratified,8,104729,test,993,0.15,0.149615790266687,-0.00038420973331324,594,399,0.401812688821752,-0.00108018446437097,970,796,174,197,12,993,0,0.366197145,0.973734147,6.92101452,77.5258242200001,1064.2680956,-0.00148026306583802,0.017464271901199,993,0,0.4053,1.77806,3.76,9.89252,138.54,-0.00542881099448202,0.0237614787617587,986,7,0.8,11.45,34.1,1003.6,8755.2,-0.000875331480919274,0.0155122181522784
object_stratified,9,130363,train,4648,0.7,0.70031640801567,0.000316408015669789,2772,1876,0.403614457831325,0.000721584545202103,4215,3692,523,956,34,4648,0,0.299697755,0.933737145,6.8800660475,76.1613217100001,1064.2680956,-0.00197482638647979,0.00631934310781083,4648,0,0.1046,1.7181,3.77408,10.09405,90.95,-0.00333462856154207,0.00485607597526722,4603,45,0,11.72,35.1,1037.28,9054.7,0.000218832870229822,0.00803949018491831
object_stratified,9,130363,validation,996,0.15,0.150067801717644,6.78017176435064e-05,597,399,0.400602409638554,-0.00229046364756902,961,769,192,227,16,996,0,0.339069751,0.8924589585,7.266001645,75.942371265,552.8295063,0.00268638754899642,0.0198115045688252,996,0,0.5051,1.6816,3.825265,10.3145,117.52,0.00427834926729518,0.0161110011841853,993,3,3.2,11.7,35.1,997.6,8326.3,0.000218832870229822,0.016678738406769
object_stratified,9,130363,test,993,0.15,0.149615790266687,-0.00038420973331324,594,399,0.401812688821752,-0.00108018446437097,969,781,188,212,13,993,0,0.364860478,0.975329166,7.54235832,81.36684278,550.86514,0.00602414025441217,0.023264554457669,993,0,0.4279,1.6396,3.8428,10.05712,138.54,0.00688640956286346,0.0203198796578308,986,7,1.5,10.7,34.25,887.3,8168.6,-0.000711206828246911,0.0340540893690642
