batch_number,batch_id,first_kepid,last_kepid,host_count,koi_count
0,batch-00000,757450,1432789,10,10
1,batch-00001,1433962,1722276,10,12
2,batch-00002,1724513,1872821,10,11
3,batch-00003,1873513,2012722,10,10
4,batch-00004,2013883,2161623,10,10
5,batch-00005,2162994,2302758,10,12
6,batch-00006,2304320,2309585,10,11
7,batch-00007,2309587,2437488,10,11
8,batch-00008,2437505,2438490,10,11
9,batch-00009,2438502,2442084,10,11
10,batch-00010,2442359,2446623,10,10
11,batch-00011,2449053,2558370,10,10
12,batch-00012,2568971,2571238,10,10
13,batch-00013,2573056,2578811,10,10
14,batch-00014,2580872,2694632,10,11
15,batch-00015,2695110,2708221,10,10
16,batch-00016,2708270,2711114,10,10
17,batch-00017,2711123,2717158,10,11
18,batch-00018,2718778,2837111,10,11
19,batch-00019,2849805,2854839,10,11
20,batch-00020,2854914,2969638,10,11
21,batch-00021,2970804,2995392,10,12
22,batch-00022,2997178,3098184,10,11
23,batch-00023,3098194,3109937,10,10
24,batch-00024,3110937,3118797,10,10
25,batch-00025,3119256,3122913,10,10
26,batch-00026,3122985,3217264,10,14
27,batch-00027,3218844,3228945,10,12
28,batch-00028,3228959,3230753,10,10
29,batch-00029,3230787,3239636,10,15
30,batch-00030,3239671,3241557,10,13
31,batch-00031,3241604,3247294,10,11
32,batch-00032,3247396,3324986,10,10
33,batch-00033,3326377,3330684,10,11
34,batch-00034,3335813,3337438,10,10
35,batch-00035,3337548,3342467,10,11
36,batch-00036,3342592,3345973,10,12
37,batch-00037,3346154,3353050,10,12
38,batch-00038,3353454,3438507,10,11
39,batch-00039,3438975,3442054,10,10
40,batch-00040,3442055,3448130,10,12
41,batch-00041,3448323,3531231,10,10
42,batch-00042,3531558,3542573,10,13
43,batch-00043,3542574,3546060,10,10
44,batch-00044,3547091,3556229,10,13
45,batch-00045,3556742,3629967,10,10
46,batch-00046,3632089,3644505,10,13
47,batch-00047,3644523,3650049,10,12
48,batch-00048,3654095,3657758,10,12
49,batch-00049,3659940,3732035,10,11
50,batch-00050,3732821,3742855,10,10
51,batch-00051,3745559,3751231,10,13
52,batch-00052,3755522,3766353,10,10
53,batch-00053,3830820,3834364,10,11
54,batch-00054,3835670,3836558,10,10
55,batch-00055,3838004,3848275,10,10
56,batch-00056,3848665,3852258,10,10
57,batch-00057,3852476,3858879,10,10
58,batch-00058,3858884,3859363,10,10
59,batch-00059,3859628,3867593,10,10
60,batch-00060,3867615,3940418,10,13
61,batch-00061,3942670,3957082,10,11
62,batch-00062,3958301,3966262,10,12
63,batch-00063,3966801,3973002,10,11
64,batch-00064,3973504,4043190,10,10
65,batch-00065,4043443,4056616,10,10
66,batch-00066,4058169,4072333,10,10
67,batch-00067,4072526,4076952,10,10
68,batch-00068,4076976,4135665,10,13
69,batch-00069,4136466,4142768,10,13
70,batch-00070,4142847,4149684,10,11
71,batch-00071,4150390,4157052,10,15
72,batch-00072,4157325,4165960,10,13
73,batch-00073,4169315,4180401,10,11
74,batch-00074,4242692,4247991,10,10
75,batch-00075,4248120,4269252,10,12
76,batch-00076,4270253,4276445,10,12
77,batch-00077,4278221,4346178,10,10
78,batch-00078,4346875,4365442,10,12
79,batch-00079,4365461,4372768,10,11
80,batch-00080,4372961,4381282,10,10
81,batch-00081,4381429,4454219,10,10
82,batch-00082,4454752,4466677,10,13
83,batch-00083,4472143,4480676,10,10
84,batch-00084,4482738,4544572,10,10
85,batch-00085,4544620,4548011,10,11
86,batch-00086,4548098,4568298,10,11
87,batch-00087,4569590,4579313,10,10
88,batch-00088,4579321,4639868,10,13
89,batch-00089,4644604,4651399,10,12
90,batch-00090,4656049,4665571,10,11
91,batch-00091,4665989,4678873,10,10
92,batch-00092,4678875,4730442,10,11
93,batch-00093,4732015,4739565,10,10
94,batch-00094,4740676,4753988,10,11
95,batch-00095,4757331,4768756,10,11
96,batch-00096,4768846,4813563,10,13
97,batch-00097,4814502,4831728,10,10
98,batch-00098,4832175,4840818,10,14
99,batch-00099,4841374,4848115,10,10
100,batch-00100,4848321,4851356,10,10
101,batch-00101,4851464,4861527,10,15
102,batch-00102,4861736,4902030,10,11
103,batch-00103,4902202,4914566,10,11
104,batch-00104,4914709,4931073,10,10
105,batch-00105,4932348,4939346,10,11
106,batch-00106,4940201,4948730,10,11
107,batch-00107,4948863,4953262,10,10
108,batch-00108,4989057,5006817,10,10
109,batch-00109,5007345,5016163,10,10
110,batch-00110,5017058,5021899,10,10
111,batch-00111,5022440,5024414,10,10
112,batch-00112,5024429,5031882,10,10
113,batch-00113,5034333,5039053,10,10
114,batch-00114,5039129,5078879,10,11
115,batch-00115,5078939,5088591,10,12
116,batch-00116,5090690,5097454,10,11
117,batch-00117,5097470,5112567,10,10
118,batch-00118,5113053,5121511,10,11
119,batch-00119,5122112,5130369,10,10
120,batch-00120,5130380,5174677,10,10
121,batch-00121,5174858,5184709,10,10
122,batch-00122,5184911,5199426,10,12
123,batch-00123,5199978,5211470,10,12
124,batch-00124,5211922,5217574,10,10
125,batch-00125,5217586,5263802,10,14
126,batch-00126,5264304,5272878,10,11
127,batch-00127,5273713,5284133,10,10
128,batch-00128,5285607,5298620,10,11
129,batch-00129,5299459,5305225,10,15
130,batch-00130,5305240,5307858,10,10
131,batch-00131,5307990,5310435,10,10
132,batch-00132,5339567,5356593,10,14
133,batch-00133,5357470,5369827,10,15
134,batch-00134,5370302,5384079,10,15
135,batch-00135,5384713,5385491,10,11
136,batch-00136,5385509,5386264,10,11
137,batch-00137,5387843,5396122,10,10
138,batch-00138,5397905,5438099,10,17
139,batch-00139,5438757,5444549,10,11
140,batch-00140,5445681,5461440,10,11
141,batch-00141,5462901,5471010,10,10
142,batch-00142,5471059,5471415,10,11
143,batch-00143,5471480,5471769,10,10
144,batch-00144,5471770,5475735,10,11
145,batch-00145,5475736,5480736,10,13
146,batch-00146,5480884,5513857,10,13
147,batch-00147,5513861,5526717,10,10
148,batch-00148,5527172,5531576,10,11
149,batch-00149,5531694,5542983,10,10
150,batch-00150,5544903,5553624,10,10
151,batch-00151,5553652,5562784,10,10
152,batch-00152,5563080,5598216,10,10
153,batch-00153,5598595,5610698,10,10
154,batch-00154,5613330,5629538,10,10
155,batch-00155,5629985,5642620,10,11
156,batch-00156,5643492,5649836,10,10
157,batch-00157,5649837,5653126,10,11
158,batch-00158,5653152,5688910,10,11
159,batch-00159,5688997,5702939,10,15
160,batch-00160,5705819,5717567,10,14
161,batch-00161,5725087,5735762,10,12
162,batch-00162,5735878,5768816,10,10
163,batch-00163,5768927,5775090,10,10
164,batch-00164,5775129,5791705,10,10
165,batch-00165,5791986,5802246,10,17
166,batch-00166,5802285,5809954,10,11
167,batch-00167,5812648,5817533,10,10
168,batch-00168,5817553,5823557,10,10
169,batch-00169,5856571,5868793,10,12
170,batch-00170,5871116,5880320,10,14
171,batch-00171,5881120,5895083,10,10
172,batch-00172,5895158,5906694,10,10
173,batch-00173,5908086,5952448,10,13
174,batch-00174,5952457,5956787,10,13
175,batch-00175,5956977,5963582,10,11
176,batch-00176,5963591,5978361,10,14
177,batch-00177,5978559,5983348,10,10
178,batch-00178,5986209,6021275,10,16
179,batch-00179,6022556,6032497,10,11
180,batch-00180,6032517,6042116,10,13
181,batch-00181,6042214,6047498,10,10
182,batch-00182,6048024,6058816,10,10
183,batch-00183,6058875,6063448,10,12
184,batch-00184,6066379,6105359,10,10
185,batch-00185,6105462,6119141,10,11
186,batch-00186,6119605,6131659,10,10
187,batch-00187,6137681,6147851,10,10
188,batch-00188,6148271,6182846,10,11
189,batch-00189,6182849,6190535,10,10
190,batch-00190,6191521,6199702,10,11
191,batch-00191,6199716,6205566,10,10
192,batch-00192,6205897,6211812,10,10
193,batch-00193,6220470,6233483,10,11
194,batch-00194,6233573,6268648,10,11
195,batch-00195,6268722,6283224,10,14
196,batch-00196,6285094,6289897,10,11
197,batch-00197,6290382,6305192,10,10
198,batch-00198,6307062,6311681,10,11
199,batch-00199,6312314,6347299,10,12
200,batch-00200,6349881,6362386,10,11
201,batch-00201,6362874,6364200,10,10
202,batch-00202,6364215,6366559,10,10
203,batch-00203,6367628,6383785,10,13
204,batch-00204,6383821,6392727,10,10
205,batch-00205,6421188,6431670,10,15
206,batch-00206,6432345,6443392,10,12
207,batch-00207,6444896,6451936,10,11
208,batch-00208,6461850,6469946,10,14
209,batch-00209,6470516,6504954,10,10
210,batch-00210,6507427,6521542,10,13
211,batch-00211,6522242,6525196,10,10
212,batch-00212,6525209,6531485,10,12
213,batch-00213,6531491,6545051,10,17
214,batch-00214,6545358,6586746,10,10
215,batch-00215,6587002,6593734,10,13
216,batch-00216,6594945,6606282,10,10
217,batch-00217,6606438,6610219,10,12
218,batch-00218,6610433,6615600,10,10
219,batch-00219,6616218,6629588,10,11
220,batch-00220,6629993,6666233,10,12
221,batch-00221,6670075,6678383,10,12
222,batch-00222,6679504,6692833,10,13
223,batch-00223,6693640,6699562,10,12
224,batch-00224,6705026,6751874,10,10
225,batch-00225,6752002,6767840,10,10
226,batch-00226,6768394,6778019,10,12
227,batch-00227,6778289,6784235,10,10
228,batch-00228,6784887,6806632,10,12
229,batch-00229,6806695,6849310,10,12
230,batch-00230,6850504,6863161,10,14
231,batch-00231,6863187,6866228,10,10
232,batch-00232,6867555,6880517,10,13
233,batch-00233,6887321,6922244,10,10
234,batch-00234,6922710,6933781,10,11
235,batch-00235,6934291,6941084,10,11
236,batch-00236,6945786,6949607,10,15
237,batch-00237,6950275,6960487,10,10
238,batch-00238,6960913,6967278,10,14
239,batch-00239,6967430,7017437,10,12
240,batch-00240,7019489,7024530,10,11
241,batch-00241,7025526,7031430,10,10
242,batch-00242,7031517,7031992,10,10
243,batch-00243,7032001,7037540,10,10
244,batch-00244,7038096,7047363,10,13
245,batch-00245,7047824,7090867,10,11
246,batch-00246,7091432,7102316,10,17
247,batch-00247,7103919,7115200,10,11
248,batch-00248,7115291,7115925,10,12
249,batch-00249,7116024,7117126,10,10
250,batch-00250,7117147,7119481,10,10
251,batch-00251,7120108,7131760,10,10
252,batch-00252,7132015,7137798,10,12
253,batch-00253,7174349,7186665,10,12
254,batch-00254,7198648,7200301,10,10
255,batch-00255,7200485,7210749,10,12
256,batch-00256,7211141,7216284,10,10
257,batch-00257,7219825,7259249,10,11
258,batch-00258,7259298,7281217,10,12
259,batch-00259,7281229,7282008,10,10
260,batch-00260,7282042,7287391,10,10
261,batch-00261,7287415,7293937,10,12
262,batch-00262,7295235,7336754,10,12
263,batch-00263,7340624,7362852,10,10
264,batch-00264,7364176,7373451,10,14
265,batch-00265,7373877,7377200,10,14
266,batch-00266,7379385,7416306,10,10
267,batch-00267,7418173,7430034,10,11
268,batch-00268,7430876,7445445,10,14
269,batch-00269,7447200,7455981,10,13
270,batch-00270,7456001,7463685,10,10
271,batch-00271,7466863,7515762,10,12
272,batch-00272,7516073,7541502,10,10
273,batch-00273,7541746,7584778,10,12
274,batch-00274,7585481,7601918,10,11
275,batch-00275,7602070,7618364,10,13
276,batch-00276,7620413,7626506,10,12
277,batch-00277,7629518,7664272,10,10
278,batch-00278,7668648,7674050,10,14
279,batch-00279,7676423,7690844,10,11
280,batch-00280,7690855,7700561,10,10
281,batch-00281,7700578,7708193,10,11
282,batch-00282,7708215,7749318,10,13
283,batch-00283,7749773,7762723,10,10
284,batch-00284,7762886,7769815,10,10
285,batch-00285,7769819,7777522,10,10
286,batch-00286,7778437,7802719,10,10
287,batch-00287,7808587,7815744,10,11
288,batch-00288,7815931,7830637,10,11
289,batch-00289,7831264,7840044,10,12
290,batch-00290,7841368,7869917,10,12
291,batch-00291,7870032,7877824,10,13
292,batch-00292,7877978,7888957,10,10
293,batch-00293,7889486,7906739,10,12
294,batch-00294,7907423,7919653,10,13
295,batch-00295,7919867,7941635,10,11
296,batch-00296,7943535,7960295,10,10
297,batch-00297,7960547,7976136,10,10
298,batch-00298,7976435,7989422,10,11
299,batch-00299,8004903,8009500,10,13
300,batch-00300,8012732,8022244,10,16
301,batch-00301,8022489,8036287,10,13
302,batch-00302,8037038,8043052,10,13
303,batch-00303,8043638,8047283,10,10
304,batch-00304,8047428,8076630,10,11
305,batch-00305,8077137,8088354,10,11
306,batch-00306,8094120,8098728,10,10
307,batch-00307,8099138,8109107,10,10
308,batch-00308,8109692,8121067,10,14
309,batch-00309,8121310,8128965,10,10
310,batch-00310,8129005,8151055,10,14
311,batch-00311,8153568,8162790,10,11
312,batch-00312,8164012,8174625,10,14
313,batch-00313,8175131,8180063,10,10
314,batch-00314,8183288,8196180,10,11
315,batch-00315,8197343,8212002,10,10
316,batch-00316,8218379,8227661,10,13
317,batch-00317,8229048,8233802,10,11
318,batch-00318,8234477,8243263,10,12
319,batch-00319,8243283,8254882,10,13
320,batch-00320,8255058,8260234,10,11
321,batch-00321,8260269,8264097,10,12
322,batch-00322,8265156,8285970,10,13
323,batch-00323,8288404,8299947,10,12
324,batch-00324,8299955,8311864,10,10
325,batch-00325,8312222,8330548,10,10
326,batch-00326,8330575,8351704,10,11
327,batch-00327,8352537,8364119,10,11
328,batch-00328,8364969,8378634,10,10
329,batch-00329,8378656,8382339,10,10
330,batch-00330,8386035,8410727,10,17
331,batch-00331,8411947,8416523,10,11
332,batch-00332,8417078,8429668,10,10
333,batch-00333,8430105,8453191,10,10
334,batch-00334,8453211,8460634,10,10
335,batch-00335,8462258,8487645,10,13
336,batch-00336,8487748,8492101,10,11
337,batch-00337,8494142,8505920,10,15
338,batch-00338,8506766,8517433,10,10
339,batch-00339,8519253,8544992,10,11
340,batch-00340,8544996,8552607,10,10
341,batch-00341,8552719,8559589,10,14
342,batch-00342,8559644,8560940,10,11
343,batch-00343,8561063,8570333,10,13
344,batch-00344,8572168,8582291,10,10
345,batch-00345,8583696,8591173,10,10
346,batch-00346,8591693,8611832,10,15
347,batch-00347,8612275,8620561,10,13
348,batch-00348,8620565,8628973,10,11
349,batch-00349,8630788,8644365,10,14
350,batch-00350,8645191,8655458,10,11
351,batch-00351,8668810,8683144,10,12
352,batch-00352,8684730,8689793,10,12
353,batch-00353,8690001,8702921,10,11
354,batch-00354,8703491,8719324,10,11
355,batch-00355,8719419,8738775,10,13
356,batch-00356,8739209,8747222,10,11
357,batch-00357,8748435,8757824,10,12
358,batch-00358,8757910,8766650,10,10
359,batch-00359,8767034,8801343,10,12
360,batch-00360,8802165,8806123,10,13
361,batch-00361,8807057,8823397,10,11
362,batch-00362,8823426,8832512,10,10
363,batch-00363,8832676,8848271,10,10
364,batch-00364,8848288,8878187,10,10
365,batch-00365,8878681,8884274,10,11
366,batch-00366,8885643,8892303,10,13
367,batch-00367,8892720,8914779,10,10
368,batch-00368,8916492,8939211,10,10
369,batch-00369,8939650,8951205,10,13
370,batch-00370,8953059,8957954,10,10
371,batch-00371,8958035,8975368,10,14
372,batch-00372,8978528,9006449,10,18
373,batch-00373,9007609,9020114,10,10
374,batch-00374,9020160,9026749,10,13
375,batch-00375,9027841,9044228,10,10
376,batch-00376,9048145,9071386,10,10
377,batch-00377,9071593,9083503,10,11
378,batch-00378,9083564,9094763,10,11
379,batch-00379,9097120,9101496,10,12
380,batch-00380,9108058,9117416,10,11
381,batch-00381,9118340,9143254,10,12
382,batch-00382,9146018,9159242,10,12
383,batch-00383,9159265,9171801,10,10
384,batch-00384,9172506,9205993,10,11
385,batch-00385,9207508,9214942,10,13
386,batch-00386,9216775,9230021,10,10
387,batch-00387,9236858,9266431,10,10
388,batch-00388,9267996,9278725,10,10
389,batch-00389,9279354,9286728,10,11
390,batch-00390,9288786,9304101,10,12
391,batch-00391,9304976,9334490,10,12
392,batch-00392,9334893,9347899,10,12
393,batch-00393,9349482,9364290,10,12
394,batch-00394,9364609,9390655,10,11
395,batch-00395,9391208,9395719,10,10
396,batch-00396,9401997,9411166,10,11
397,batch-00397,9411317,9418619,10,13
398,batch-00398,9418994,9455325,10,12
399,batch-00399,9455556,9468382,10,18
400,batch-00400,9468384,9474222,10,13
401,batch-00401,9474232,9480189,10,13
402,batch-00402,9480310,9512687,10,12
403,batch-00403,9513865,9520838,10,12
404,batch-00404,9527334,9530945,10,13
405,batch-00405,9531850,9535080,10,10
406,batch-00406,9535876,9541163,10,10
407,batch-00407,9541295,9569866,10,10
408,batch-00408,9570741,9579641,10,11
409,batch-00409,9579753,9591070,10,12
410,batch-00410,9591728,9593773,10,10
411,batch-00411,9594184,9597854,10,13
412,batch-00412,9602421,9605514,10,12
413,batch-00413,9607164,9635529,10,10
414,batch-00414,9635606,9640921,10,12
415,batch-00415,9640924,9641041,10,10
416,batch-00416,9641076,9644411,10,10
417,batch-00417,9644683,9652166,10,11
418,batch-00418,9652632,9656252,10,10
419,batch-00419,9656397,9663113,10,10
420,batch-00420,9664142,9692336,10,11
421,batch-00421,9692345,9710611,10,10
422,batch-00422,9710626,9716302,10,10
423,batch-00423,9716391,9729691,10,11
424,batch-00424,9730163,9761615,10,15
425,batch-00425,9761882,9773869,10,10
426,batch-00426,9774400,9777200,10,11
427,batch-00427,9777251,9783760,10,11
428,batch-00428,9784222,9813499,10,15
429,batch-00429,9813678,9823487,10,12
430,batch-00430,9823519,9832208,10,11
431,batch-00431,9834040,9837661,10,12
432,batch-00432,9837685,9838949,10,10
433,batch-00433,9838975,9845898,10,11
434,batch-00434,9845931,9850966,10,10
435,batch-00435,9851123,9851970,10,10
436,batch-00436,9851983,9880190,10,11
437,batch-00437,9881077,9886361,10,15
438,batch-00438,9886661,9896018,10,14
439,batch-00439,9896435,9899153,10,11
440,batch-00440,9899181,9899352,10,11
441,batch-00441,9899355,9899583,10,10
442,batch-00442,9899607,9908486,10,11
443,batch-00443,9909735,9934208,10,11
444,batch-00444,9934274,9943435,10,12
445,batch-00445,9944421,9955598,10,15
446,batch-00446,9956082,9959492,10,12
447,batch-00447,9959494,9963461,10,11
448,batch-00448,9963524,9966115,10,13
449,batch-00449,9967771,9995771,10,11
450,batch-00450,9996632,10005758,10,15
451,batch-00451,10005788,10015937,10,10
452,batch-00452,10018233,10023469,10,12
453,batch-00453,10024051,10028352,10,11
454,batch-00454,10028535,10031808,10,10
455,batch-00455,10031885,10063208,10,12
456,batch-00456,10063802,10079317,10,10
457,batch-00457,10079481,10091257,10,11
458,batch-00458,10092312,10123064,10,15
459,batch-00459,10125352,10141900,10,15
460,batch-00460,10147276,10155434,10,10
461,batch-00461,10156055,10187017,10,16
462,batch-00462,10187159,10191070,10,12
463,batch-00463,10198109,10213902,10,11
464,batch-00464,10214162,10225800,10,10
465,batch-00465,10226343,10253547,10,15
466,batch-00466,10253638,10266615,10,11
467,batch-00467,10266860,10272640,10,13
468,batch-00468,10274244,10288922,10,10
469,batch-00469,10289119,10318874,10,10
470,batch-00470,10320341,10330495,10,12
471,batch-00471,10332213,10340423,10,12
472,batch-00472,10341777,10342041,10,10
473,batch-00473,10342065,10351767,10,12
474,batch-00474,10352603,10362031,10,11
475,batch-00475,10363115,10386922,10,11
476,batch-00476,10386984,10404582,10,13
477,batch-00477,10405224,10407271,10,10
478,batch-00478,10407430,10419312,10,10
479,batch-00479,10419797,10454401,10,13
480,batch-00480,10454632,10468885,10,13
481,batch-00481,10468940,10471167,10,11
482,batch-00482,10471174,10480952,10,10
483,batch-00483,10480982,10487119,10,11
484,batch-00484,10488450,10491062,10,11
485,batch-00485,10491525,10518424,10,11
486,batch-00486,10518725,10531955,10,10
487,batch-00487,10532751,10538176,10,11
488,batch-00488,10544677,10552151,10,10
489,batch-00489,10552611,10583180,10,13
490,batch-00490,10583181,10591855,10,13
491,batch-00491,10592163,10601549,10,14
492,batch-00492,10601579,10616415,10,10
493,batch-00493,10616571,10620329,10,10
494,batch-00494,10621666,10659313,10,12
495,batch-00495,10661679,10663396,10,10
496,batch-00496,10664150,10676824,10,11
497,batch-00497,10676923,10686876,10,10
498,batch-00498,10686909,10717241,10,10
499,batch-00499,10718726,10730034,10,13
500,batch-00500,10730070,10736179,10,10
501,batch-00501,10736223,10748621,10,11
502,batch-00502,10751515,10793172,10,13
503,batch-00503,10794087,10801249,10,11
504,batch-00504,10801951,10842192,10,10
505,batch-00505,10843203,10854768,10,11
506,batch-00506,10855545,10862284,10,13
507,batch-00507,10863608,10874926,10,13
508,batch-00508,10875245,10880507,10,14
509,batch-00509,10881457,10909274,10,11
510,batch-00510,10910878,10924562,10,12
511,batch-00511,10924853,10937029,10,14
512,batch-00512,10937609,10965740,10,10
513,batch-00513,10965963,10982872,10,17
514,batch-00514,10984090,10992733,10,11
515,batch-00515,11013201,11027624,10,14
516,batch-00516,11027722,11043136,10,11
517,batch-00517,11043167,11073223,10,11
518,batch-00518,11073351,11080405,10,12
519,batch-00519,11081512,11099351,10,11
520,batch-00520,11100383,11125936,10,15
521,batch-00521,11126381,11137180,10,10
522,batch-00522,11138155,11152950,10,10
523,batch-00523,11153121,11182260,10,14
524,batch-00524,11187436,11198723,10,12
525,batch-00525,11199725,11234677,10,10
526,batch-00526,11235323,11249624,10,10
527,batch-00527,11250587,11259686,10,12
528,batch-00528,11283615,11295426,10,13
529,batch-00529,11297236,11336883,10,11
530,batch-00530,11337141,11348997,10,11
531,batch-00531,11350389,11360571,10,11
532,batch-00532,11360805,11394027,10,13
533,batch-00533,11400356,11403216,10,12
534,batch-00534,11403339,11414511,10,10
535,batch-00535,11415243,11453592,10,16
536,batch-00536,11455181,11460018,10,10
537,batch-00537,11460462,11493431,10,10
538,batch-00538,11493732,11499757,10,14
539,batch-00539,11501492,11512246,10,12
540,batch-00540,11513441,11546211,10,11
541,batch-00541,11547505,11560037,10,13
542,batch-00542,11560382,11566256,10,11
543,batch-00543,11568224,11601357,10,13
544,batch-00544,11601584,11614528,10,13
545,batch-00545,11614617,11621223,10,11
546,batch-00546,11621897,11656302,10,10
547,batch-00547,11656721,11667548,10,11
548,batch-00548,11669125,11701407,10,11
549,batch-00549,11702948,11718144,10,16
550,batch-00550,11718389,11754553,10,14
551,batch-00551,11756821,11763910,10,10
552,batch-00552,11764462,11774383,10,12
553,batch-00553,11774387,11811454,10,12
554,batch-00554,11812062,11824222,10,11
555,batch-00555,11824786,11855538,10,12
556,batch-00556,11858541,11873166,10,10
557,batch-00557,11873171,11909686,10,10
558,batch-00558,11909839,11913052,10,10
559,batch-00559,11913071,11922782,10,10
560,batch-00560,11923074,11962284,10,10
561,batch-00561,11963206,11968514,10,14
562,batch-00562,11969092,12008872,10,10
563,batch-00563,12008916,12020329,10,10
564,batch-00564,12021625,12058147,10,10
565,batch-00565,12058204,12068975,10,16
566,batch-00566,12069319,12107021,10,10
567,batch-00567,12108293,12117215,10,11
568,batch-00568,12120307,12159249,10,13
569,batch-00569,12164564,12208887,10,12
570,batch-00570,12216278,12254688,10,11
571,batch-00571,12254792,12301181,10,10
572,batch-00572,12302391,12352520,10,15
573,batch-00573,12353633,12367310,10,11
574,batch-00574,12400538,12406749,10,10
575,batch-00575,12406807,12453581,10,10
576,batch-00576,12453855,12470844,10,11
577,batch-00577,12470954,12509829,10,10
578,batch-00578,12554051,12644769,10,11
579,batch-00579,12644774,12784167,10,10
580,batch-00580,12785320,12935144,4,4
